{
  "mobs_of_mythology:mobs_of_mythology": {
    "criteria": {
      "requirement": "2024-08-06 18:03:37 +0000"
    },
    "done": true
  },
  "minecraft:recipes/decorations/crafting_table": {
    "criteria": {
      "unlock_right_away": "2024-08-06 18:03:37 +0000"
    },
    "done": true
  },
  "minecraft:adventure/adventuring_time": {
    "criteria": {
      "minecraft:old_growth_birch_forest": "2024-08-06 18:12:13 +0000",
      "minecraft:old_growth_pine_taiga": "2024-08-06 18:03:38 +0000",
      "minecraft:river": "2024-08-06 18:12:08 +0000"
    },
    "done": false
  },
  "DataVersion": 3953
}